question,volume,active,slug,date_range,polarity_score,sentiment,manifest_source,quality_filters
India-Pakistan declare war before June?,813337.756198,True,india-pakistan-declare-war-before-june,,1,ESCALATION ‚ö†Ô∏è,polymarket_data/_manifest_geopolitics__foreign_policy_comprehensive.csv,"PASS: Non-speech, International, Min Volume 10k"
India-Pakistan declare war before June?,813337.756198,True,india-pakistan-declare-war-before-june,,1,ESCALATION ‚ö†Ô∏è,polymarket_data/_manifest_custom_world_affairs.csv,"PASS: Non-speech, International, Min Volume 10k"
Will Russia capture Rodynske by August 31?,471024.387734,True,will-russia-capture-rodynske-by-august-31,,1,ESCALATION ‚ö†Ô∏è,polymarket_data/_manifest_custom_world_affairs.csv,"PASS: Non-speech, International, Min Volume 10k"
Will Russia capture Rodynske by August 31?,471024.387734,True,will-russia-capture-rodynske-by-august-31,,1,ESCALATION ‚ö†Ô∏è,polymarket_data/_manifest_geopolitics__foreign_policy_comprehensive.csv,"PASS: Non-speech, International, Min Volume 10k"
UK strike on Iran before July?,334128.812169,True,uk-strike-on-iran-before-july,,1,ESCALATION ‚ö†Ô∏è,polymarket_data/_manifest_custom_world_affairs.csv,"PASS: Non-speech, International, Min Volume 10k"
UK strike on Iran before July?,334128.812169,True,uk-strike-on-iran-before-july,,1,ESCALATION ‚ö†Ô∏è,polymarket_data/_manifest_geopolitics__foreign_policy_comprehensive.csv,"PASS: Non-speech, International, Min Volume 10k"
Ukraine hits Moscow by July 31?,330859.0402,True,ukraine-hits-moscow-by-july-31,,1,ESCALATION ‚ö†Ô∏è,polymarket_data/_manifest_geopolitics__foreign_policy_comprehensive.csv,"PASS: Non-speech, International, Min Volume 10k"
Ukraine hits Moscow by July 31?,330859.0402,True,ukraine-hits-moscow-by-july-31,,1,ESCALATION ‚ö†Ô∏è,polymarket_data/_manifest_custom_world_affairs.csv,"PASS: Non-speech, International, Min Volume 10k"
Will Russia capture Lyman by December 31?,316409.881171,True,will-russia-capture-lyman-in-2025-816,,1,ESCALATION ‚ö†Ô∏è,polymarket_data/_manifest_geopolitics__foreign_policy_comprehensive.csv,"PASS: Non-speech, International, Min Volume 10k"
Will Russia capture Lyman by December 31?,292610.513343,True,will-russia-capture-lyman-in-2025-816,,1,ESCALATION ‚ö†Ô∏è,polymarket_data/_manifest_custom_world_affairs.csv,"PASS: Non-speech, International, Min Volume 10k"
Will Russia capture Slovainsk in 2025?,287105.665188,True,will-russia-capture-slovainsk-in-2025,,1,ESCALATION ‚ö†Ô∏è,polymarket_data/_manifest_geopolitics__foreign_policy_comprehensive.csv,"PASS: Non-speech, International, Min Volume 10k"
Will Russia capture Slovainsk in 2025?,276849.92522,True,will-russia-capture-slovainsk-in-2025,,1,ESCALATION ‚ö†Ô∏è,polymarket_data/_manifest_custom_world_affairs.csv,"PASS: Non-speech, International, Min Volume 10k"
Will Russia capture Novopavlivka by August 31?,264459.039321,True,will-russia-capture-novopavlivka-by-august-31,,1,ESCALATION ‚ö†Ô∏è,polymarket_data/_manifest_geopolitics__foreign_policy_comprehensive.csv,"PASS: Non-speech, International, Min Volume 10k"
Will Russia capture Novopavlivka by August 31?,264459.039321,True,will-russia-capture-novopavlivka-by-august-31,,1,ESCALATION ‚ö†Ô∏è,polymarket_data/_manifest_custom_world_affairs.csv,"PASS: Non-speech, International, Min Volume 10k"
Will Russia capture Myrnohard by September 30?,238598.059036,True,arch-will-russia-capture-myrnohard-by-september-30,,1,ESCALATION ‚ö†Ô∏è,polymarket_data/_manifest_geopolitics__foreign_policy_comprehensive.csv,"PASS: Non-speech, International, Min Volume 10k"
Will Russia capture Myrnohard by September 30?,238598.059036,True,arch-will-russia-capture-myrnohard-by-september-30,,1,ESCALATION ‚ö†Ô∏è,polymarket_data/_manifest_custom_world_affairs.csv,"PASS: Non-speech, International, Min Volume 10k"
NATO article 5 in 2025?,214811.438187,True,nato-article-5-in-2025-763,,1,ESCALATION ‚ö†Ô∏è,polymarket_data/_manifest_geopolitics__foreign_policy_comprehensive.csv,"PASS: Non-speech, International, Min Volume 10k"
India x Pakistan ceasefire announced before June?,213244.588587,True,india-x-pakistan-ceasefire-announced-before-june,,-1,DE-ESCALATION üõ°Ô∏è,polymarket_data/_manifest_geopolitics__foreign_policy_comprehensive.csv,"PASS: Non-speech, International, Min Volume 10k"
India x Pakistan ceasefire announced before June?,213244.588587,True,india-x-pakistan-ceasefire-announced-before-june,,-1,DE-ESCALATION üõ°Ô∏è,polymarket_data/_manifest_custom_world_affairs.csv,"PASS: Non-speech, International, Min Volume 10k"
NATO article 5 in 2025?,211479.948067,True,nato-article-5-in-2025-763,,1,ESCALATION ‚ö†Ô∏è,polymarket_data/_manifest_custom_world_affairs.csv,"PASS: Non-speech, International, Min Volume 10k"
Israel military action against Iraq by Friday?,190485.699541,True,israel-military-action-against-iraq-by-friday-148,,1,ESCALATION ‚ö†Ô∏è,polymarket_data/_manifest_custom_world_affairs.csv,"PASS: Non-speech, International, Min Volume 10k"
Israel military action against Iraq by Friday?,190485.699541,True,israel-military-action-against-iraq-by-friday-148,,1,ESCALATION ‚ö†Ô∏è,polymarket_data/_manifest_geopolitics__foreign_policy_comprehensive.csv,"PASS: Non-speech, International, Min Volume 10k"
Will Russia capture Myrnohard by December 31?,189916.072855,True,will-russia-capture-myrnohard-by-december-31-368,,1,ESCALATION ‚ö†Ô∏è,polymarket_data/_manifest_geopolitics__foreign_policy_comprehensive.csv,"PASS: Non-speech, International, Min Volume 10k"
Will Israel annex any territory by December 31?,182333.663871,True,will-israel-annex-any-territory-by-december-31,,1,ESCALATION ‚ö†Ô∏è,polymarket_data/_manifest_geopolitics__foreign_policy_comprehensive.csv,"PASS: Non-speech, International, Min Volume 10k"
Will Israel annex any territory by December 31?,173119.03973,True,will-israel-annex-any-territory-by-december-31,,1,ESCALATION ‚ö†Ô∏è,polymarket_data/_manifest_custom_world_affairs.csv,"PASS: Non-speech, International, Min Volume 10k"
Will Russia capture Myrnohard by October 31?,170583.585736,True,will-russia-capture-myrnohard-by-october-31,,1,ESCALATION ‚ö†Ô∏è,polymarket_data/_manifest_geopolitics__foreign_policy_comprehensive.csv,"PASS: Non-speech, International, Min Volume 10k"
Will Russia capture Myrnohard by December 31?,154549.74944,True,will-russia-capture-myrnohard-by-december-31-368,,1,ESCALATION ‚ö†Ô∏è,polymarket_data/_manifest_custom_world_affairs.csv,"PASS: Non-speech, International, Min Volume 10k"
Will Russia capture Myrnohard by October 31?,115519.939262,True,will-russia-capture-myrnohard-by-october-31,,1,ESCALATION ‚ö†Ô∏è,polymarket_data/_manifest_custom_world_affairs.csv,"PASS: Non-speech, International, Min Volume 10k"
India x Pakistan military clash before July?,107051.102425,True,india-x-pakistan-military-clash-before-july,,1,ESCALATION ‚ö†Ô∏è,polymarket_data/_manifest_geopolitics__foreign_policy_comprehensive.csv,"PASS: Non-speech, International, Min Volume 10k"
India x Pakistan military clash before July?,107051.102425,True,india-x-pakistan-military-clash-before-july,,1,ESCALATION ‚ö†Ô∏è,polymarket_data/_manifest_custom_world_affairs.csv,"PASS: Non-speech, International, Min Volume 10k"
Will another nation declare war in the Israel-Hamas conflict?,97301.030549,True,will-another-nation-declare-war-in-the-israel-hamas-conflict,,1,ESCALATION ‚ö†Ô∏è,polymarket_data/_manifest_geopolitics__war.csv,"PASS: Non-speech, International, Min Volume 10k"
Ukraine hits Moscow by September 30?,95070.498725,True,ukraine-hits-moscow-by-september-30,,1,ESCALATION ‚ö†Ô∏è,polymarket_data/_manifest_geopolitics__foreign_policy_comprehensive.csv,"PASS: Non-speech, International, Min Volume 10k"
Ukraine hits Moscow by September 30?,95070.498725,True,ukraine-hits-moscow-by-september-30,,1,ESCALATION ‚ö†Ô∏è,polymarket_data/_manifest_custom_world_affairs.csv,"PASS: Non-speech, International, Min Volume 10k"
Will Russia capture Novopavlivka by September 30?,91635.902419,True,will-russia-capture-novopavlivka-by-september-30,,1,ESCALATION ‚ö†Ô∏è,polymarket_data/_manifest_custom_world_affairs.csv,"PASS: Non-speech, International, Min Volume 10k"
Will Russia capture Novopavlivka by September 30?,91635.902419,True,will-russia-capture-novopavlivka-by-september-30,,1,ESCALATION ‚ö†Ô∏è,polymarket_data/_manifest_geopolitics__foreign_policy_comprehensive.csv,"PASS: Non-speech, International, Min Volume 10k"
Will Russia capture Novopavlivka by October 31?,90871.173456,True,will-russia-capture-novopavlivka-by-october-31,,1,ESCALATION ‚ö†Ô∏è,polymarket_data/_manifest_geopolitics__foreign_policy_comprehensive.csv,"PASS: Non-speech, International, Min Volume 10k"
Will Russia capture Novopavlivka by October 31?,90871.173456,True,will-russia-capture-novopavlivka-by-october-31,,1,ESCALATION ‚ö†Ô∏è,polymarket_data/_manifest_custom_world_affairs.csv,"PASS: Non-speech, International, Min Volume 10k"
Ukraine hits Moscow by August 31?,80865.331022,True,ukraine-hits-moscow-by-august-31,,1,ESCALATION ‚ö†Ô∏è,polymarket_data/_manifest_geopolitics__foreign_policy_comprehensive.csv,"PASS: Non-speech, International, Min Volume 10k"
Ukraine hits Moscow by August 31?,80865.331022,True,ukraine-hits-moscow-by-august-31,,1,ESCALATION ‚ö†Ô∏è,polymarket_data/_manifest_custom_world_affairs.csv,"PASS: Non-speech, International, Min Volume 10k"
Azerbaijan x Armenia peace deal in 2025?,72529.501622,True,azerbaijan-x-armenia-peace-deal-in-2025,,-1,DE-ESCALATION üõ°Ô∏è,polymarket_data/_manifest_geopolitics__foreign_policy_comprehensive.csv,"PASS: Non-speech, International, Min Volume 10k"
Azerbaijan x Armenia peace deal in 2025?,72529.501622,True,azerbaijan-x-armenia-peace-deal-in-2025,,-1,DE-ESCALATION üõ°Ô∏è,polymarket_data/_manifest_custom_world_affairs.csv,"PASS: Non-speech, International, Min Volume 10k"
Israel strike on Tehran before July?,67983.091063,True,israel-strike-on-tehran-before-july,,1,ESCALATION ‚ö†Ô∏è,polymarket_data/_manifest_geopolitics__foreign_policy_comprehensive.csv,"PASS: Non-speech, International, Min Volume 10k"
Israel strike on Tehran before July?,67983.091063,True,israel-strike-on-tehran-before-july,,1,ESCALATION ‚ö†Ô∏è,polymarket_data/_manifest_custom_world_affairs.csv,"PASS: Non-speech, International, Min Volume 10k"
Will Thailand capture Preah Vihear temple by July 31?,67810.608125,True,will-thailand-capture-of-preah-vihear-temple-by-july-31,,1,ESCALATION ‚ö†Ô∏è,polymarket_data/_manifest_custom_world_affairs.csv,"PASS: Non-speech, International, Min Volume 10k"
Will Thailand capture Preah Vihear temple by July 31?,67810.608125,True,will-thailand-capture-of-preah-vihear-temple-by-july-31,,1,ESCALATION ‚ö†Ô∏è,polymarket_data/_manifest_geopolitics__foreign_policy_comprehensive.csv,"PASS: Non-speech, International, Min Volume 10k"
Ukraine hits Moscow by December 31?,60845.335276,True,ukraine-hits-moscow-by-december-31,,1,ESCALATION ‚ö†Ô∏è,polymarket_data/_manifest_geopolitics__foreign_policy_comprehensive.csv,"PASS: Non-speech, International, Min Volume 10k"
Will Russia capture Myrnohard by November 30?,58132.84895,True,will-russia-capture-myrnohard-by-november-30,,1,ESCALATION ‚ö†Ô∏è,polymarket_data/_manifest_geopolitics__foreign_policy_comprehensive.csv,"PASS: Non-speech, International, Min Volume 10k"
Ukraine hits Moscow by December 31?,56285.05529,True,ukraine-hits-moscow-by-december-31,,1,ESCALATION ‚ö†Ô∏è,polymarket_data/_manifest_custom_world_affairs.csv,"PASS: Non-speech, International, Min Volume 10k"
Will Russia capture Drobysheve by October 31?,42661.058579,True,will-russia-capture-drobysheve-by-october-31,,1,ESCALATION ‚ö†Ô∏è,polymarket_data/_manifest_geopolitics__foreign_policy_comprehensive.csv,"PASS: Non-speech, International, Min Volume 10k"
Another Israel military action on Yemen before July?,38783.598673,True,another-israel-military-action-on-yemen-before-july-476,,1,ESCALATION ‚ö†Ô∏è,polymarket_data/_manifest_custom_world_affairs.csv,"PASS: Non-speech, International, Min Volume 10k"
Another Israel military action on Yemen before July?,38783.598673,True,another-israel-military-action-on-yemen-before-july-476,,1,ESCALATION ‚ö†Ô∏è,polymarket_data/_manifest_geopolitics__foreign_policy_comprehensive.csv,"PASS: Non-speech, International, Min Volume 10k"
Will Israel carry out an airstrike on the West Bank by September 30?,38472.020393,True,will-israel-carry-out-an-airstrike-on-the-west-bank-by-september-30,,1,ESCALATION ‚ö†Ô∏è,polymarket_data/_manifest_custom_world_affairs.csv,"PASS: Non-speech, International, Min Volume 10k"
Will Israel carry out an airstrike on the West Bank by September 30?,38472.020393,True,will-israel-carry-out-an-airstrike-on-the-west-bank-by-september-30,,1,ESCALATION ‚ö†Ô∏è,polymarket_data/_manifest_geopolitics__foreign_policy_comprehensive.csv,"PASS: Non-speech, International, Min Volume 10k"
Israel military action against Iran by Monday?,38408.179578,True,israel-military-action-against-iran-by-monday,,1,ESCALATION ‚ö†Ô∏è,polymarket_data/_manifest_custom_world_affairs.csv,"PASS: Non-speech, International, Min Volume 10k"
Israel military action against Iran by Monday?,38408.179578,True,israel-military-action-against-iran-by-monday,,1,ESCALATION ‚ö†Ô∏è,polymarket_data/_manifest_geopolitics__foreign_policy_comprehensive.csv,"PASS: Non-speech, International, Min Volume 10k"
Will China invade Taiwan in May?,38336.093903,True,will-china-invade-taiwan-in-may,,1,ESCALATION ‚ö†Ô∏è,polymarket_data/_manifest_custom_world_affairs.csv,"PASS: Non-speech, International, Min Volume 10k"
Will China invade Taiwan in May?,38336.093903,True,will-china-invade-taiwan-in-may,,1,ESCALATION ‚ö†Ô∏è,polymarket_data/_manifest_geopolitics__foreign_policy_comprehensive.csv,"PASS: Non-speech, International, Min Volume 10k"
Will Russia capture Drobysheve by October 31?,36958.688308,True,will-russia-capture-drobysheve-by-october-31,,1,ESCALATION ‚ö†Ô∏è,polymarket_data/_manifest_custom_world_affairs.csv,"PASS: Non-speech, International, Min Volume 10k"
Will Russia capture Myrnohard by November 30?,33838.37072,True,will-russia-capture-myrnohard-by-november-30,,1,ESCALATION ‚ö†Ô∏è,polymarket_data/_manifest_custom_world_affairs.csv,"PASS: Non-speech, International, Min Volume 10k"
Thailand strikes Cambodia by August 1?,30970.715699,True,thailand-strikes-cambodia-by-august-1,,1,ESCALATION ‚ö†Ô∏è,polymarket_data/_manifest_custom_world_affairs.csv,"PASS: Non-speech, International, Min Volume 10k"
Thailand strikes Cambodia by August 1?,30970.715699,True,thailand-strikes-cambodia-by-august-1,,1,ESCALATION ‚ö†Ô∏è,polymarket_data/_manifest_geopolitics__foreign_policy_comprehensive.csv,"PASS: Non-speech, International, Min Volume 10k"
Will Biden let Ukraine strike Russia with US weapons?,16536.204367,True,will-biden-let-ukraine-strike-russia-with-us-weapons,,1,ESCALATION ‚ö†Ô∏è,polymarket_data/_manifest_geopolitics__foreign_policy_comprehensive.csv,"PASS: Non-speech, International, Min Volume 10k"
Will Biden let Ukraine strike Russia with US weapons?,16536.204367,True,will-biden-let-ukraine-strike-russia-with-us-weapons,,1,ESCALATION ‚ö†Ô∏è,polymarket_data/_manifest_custom_world_affairs.csv,"PASS: Non-speech, International, Min Volume 10k"
North Korea x South Korea military clash by August 31?,13438.440012,True,north-korea-x-south-korea-military-clash-by-august-31,,1,ESCALATION ‚ö†Ô∏è,polymarket_data/_manifest_geopolitics__foreign_policy_comprehensive.csv,"PASS: Non-speech, International, Min Volume 10k"
North Korea x South Korea military clash by August 31?,13438.440012,True,north-korea-x-south-korea-military-clash-by-august-31,,1,ESCALATION ‚ö†Ô∏è,polymarket_data/_manifest_custom_world_affairs.csv,"PASS: Non-speech, International, Min Volume 10k"
Will Russia capture Lyman by November 30?,7868.352741,True,will-russia-capture-lyman-by-november-30-884,,1,ESCALATION ‚ö†Ô∏è,polymarket_data/_manifest_geopolitics__foreign_policy_comprehensive.csv,"PASS: Non-speech, International, Min Volume 10k"
